t0,n,tasa_canje_1m,tasa_canje_12m,gasto_avg,t0_label
0.0,135216.0,0.0,18.605786297479586,1955131.984513667,Jan-70
