{"n_clientes": 5000, "auc": 0.9397303342284594, "tasa_canje": 20.786741214057507}