{
  "n_clientes": 5000,
  "auc": 0.9401817045271801,
  "tasa_canje": 20.786741214057507,
  "avg_clv_canjeador": 12358673.91882805,
  "avg_clv_no_canjeador": 1504251.9253844214,
  "pct_fuga": 0.0,
  "pct_alta": 12.326943556975506
}